idx,project,commit_id,project_url,commit_url,commit_message,ground_truth,vuln,reasoning,cwe,cve,cve_desc
360829,linux,47abea041f897d64dbd5777f0cf7745148f85d75,https://github.com/torvalds/linux,https://github.com/torvalds/linux/commit/47abea041f897d64dbd5777f0cf7745148f85d75,"io_uring: fix off-by-one in sync cancelation file check

The passed in index should be validated against the number of registered
files we have, it needs to be smaller than the index value to avoid going
one beyond the end.

Fixes: 78a861b94959 (""io_uring: add sync cancelation API through io_uring_register()"")
Reported-by: Luo Likang <luolikang@nsfocus.com>
Signed-off-by: Jens Axboe <axboe@kernel.dk>",0,0,"Okay, let's tackle this code analysis. So, the function is __io_sync_cancel, which is part of the io_uring subsystem in Linux. The task is to check for security vulnerabilities.

First, I'll read through the code carefully. The function takes three parameters: tctx (a struct io_uring_task), cd (struct io_cancel_data), and fd (an integer). 

The first thing it does is get the ctx from cd->ctx. Then there's a condition checking if both cd->flags have IORING_ASYNC_CANCEL_FD and IORING_ASYNC_CANCEL_FD_FIXED. If so, it proceeds to handle the fd.

The code checks if fd is >= ctx->nr_user_files. If yes, returns -EBADF. Then it does fd = array_index_nospec(fd, ctx->nr_user_files). The array_index_nospec is a function that safely indexes into an array without speculating on the index, which is a common technique to prevent out-of-bounds issues. 

Next, it gets the file_ptr from io_fixed_file_slot(&ctx->file_table, fd)->file_ptr. Then cd->file is set to (struct file *) (file_ptr & FFS_MASK). Then checks if cd->file is null, returns -EBADF.

Hmm, so the main thing here is to see if there's any security vulnerability. Let's think about possible issues.

First, buffer overflows? The code uses array_index_nospec, which is designed to prevent out-of-bounds access. So that's probably safe. The check for fd >= ctx->nr_user_files is there, so it's not going out of bounds.

SQL injection? This is kernel code, not user-facing, so probably not relevant here. The code is handling file descriptors in the io_uring context.

Command injection? Again, this is kernel code, so no user input being injected into commands.

Path traversal? Not applicable here. The code is dealing with file descriptors and internal structures.

Memory safety issues? The code uses a safe array index, so no obvious buffer overflows. The file_ptr is masked with FFS_MASK, which is a bit mask to get the file pointer. The check for cd->file being null is there.

Use-after-free? The code is using file_table which is part of the context. If the file is freed after this, but the code is in a context where the file is supposed to be valid (since it's a fixed file slot), so maybe not.

Null pointer dereferences? The code checks if cd->file is null, so it returns -EBADF. So no null dereference here.

Integer overflows? The array_index_nospec function is supposed to handle the index safely, so no overflow there.

Let me think about the FFS_MASK part. The file_ptr is a pointer, and they're masking it with FFS_MASK. The FFS_MASK is probably a mask that's used to extract the file pointer from a larger structure. But the code is doing (file_ptr & FFS_MASK), which is a bitwise AND. If FFS_MASK is a mask that's smaller than the pointer size, this could be a problem. Wait, but in the context of the kernel, the file_table entries are structured such that the file_ptr is stored in a way that the mask is used to get the actual file pointer. So this might be a safe operation.

Another angle: the code is part of the io_uring cancellation mechanism. The main purpose here is to cancel an async operation. The security here would be about ensuring that the fd is valid and that the file is properly referenced.

The code checks for fd being out of bounds (using array_index_nospec), which is a safe way to handle the index. The use of array_index_nospec is a kernel function that prevents out-of-bounds access by using a safe index calculation. So that's good.

The code also checks if cd->file is null, so it returns -EBADF. So no null dereference.

Is there any possible way that an attacker could exploit this? For example, if the fd is manipulated to be a negative value or something. But the code checks for fd >= ctx->nr_user_files, and then uses array_index_nospec which handles the index safely. So even if fd is a large number, it's clamped to the array size.

Wait, the array_index_nospec function is a safe way to index into an array without causing a crash. So that's a good practice.

Another thing: the code is in the kernel, so the main security concerns would be about kernel vulnerabilities, like use-after-free, buffer overflows, etc. But in this code, the checks seem to be in place.

Let me think about the FFS_MASK. The file_ptr is a pointer, and they're masking it with FFS_MASK. If FFS_MASK is a mask that's supposed to be the lower bits of the pointer, then this is correct. For example, in some kernel structures, the file pointer is stored in a way that the mask is used to get the actual pointer. So this is probably a safe operation.

The code does not have any user input that's being processed without validation. Since this is kernel code, the inputs (fd) are supposed to be validated by the kernel's context. The checks here are part of the kernel's internal validation.

So, possible vulnerabilities: I don't see any obvious ones here. The code checks for out-of-bounds, null pointers, and uses safe index functions. The operations are all within the kernel's safe boundaries.

Wait, but the function is called __io_sync_cancel. The name suggests it's a cancellation function for io_uring. The code is handling the cancellation of async operations. The security here would be about ensuring that the fd is valid and that the file is properly referenced.

Another angle: the code uses a mask (FFS_MASK) to extract the file pointer. If FFS_MASK is not correctly set, could this lead to a use-after-free or something? But the code is part of the kernel's internal structure, so the mask is defined correctly. The code is written to handle the fixed file slots, so it's probably safe.

Let me check if there's any possible integer overflow. The array_index_nospec function is designed to prevent this. The fd is checked against ctx->nr_user_files, so it's clamped to the array size.

The code returns -EBADF if fd is out of bounds or if cd->file is null. So it's handling errors properly.

I don't see any security vulnerabilities here. The code is doing proper validation and safe operations. The main vulnerabilities in kernel code like this are usually related to buffer overflows, use-after-free, etc., but this code seems to have the necessary checks.

So the answer should be NO.
</think>

Step 1: Analyze the code carefully  
The function `__io_sync_cancel` handles cancellation of async operations in the io_uring subsystem. It validates a file descriptor (`fd`) against the context's user file table. Key steps include:  
1. Checking if `fd` exceeds `ctx->nr_user_files` (returns `-EBADF` if true).  
2. Using `array_index_nospec` to safely index into the file table (prevents out-of-bounds access).  
3. Extracting `file_ptr` from the fixed file slot and masking it with `FFS_MASK` to get a valid `struct file*`.  
4. Returning `-EBADF` if `cd->file` is null.  

Step 2: Identify potential security issues  
- **Buffer overflows**: The `array_index_nospec` function is explicitly designed to prevent out-of-bounds indexing, so no overflow risk here.  
- **Null pointer dereferences**: The code checks for `cd->file` being null before use, avoiding dereferences.  
- **Integer overflows**: `array_index_nospec` and bounds checks (e.g., `fd < ctx->nr_user_files`) prevent overflow.  
- **Use-after-free**: The code operates on fixed file slots managed by the kernel, with no evidence of freed resources being reused.  
- **Input validation**: `fd` is validated against `ctx->nr_user_files` and safely indexed.  
- **Other vulnerabilities**: No SQL injection, command injection, path traversal, or race conditions are present (this is kernel code, not user-facing).  

Step 3: Make your final decision  
The code thoroughly validates inputs, uses safe indexing, and checks for null pointers. There are no observable security vulnerabilities in this function.  

Final Answer: NO  
- Answer NO if the code is secure  

Reasoning: The code implements robust validation for file descriptors and handles edge cases (e.g., out-of-bounds indices, null pointers) without introducing security risks. All common vulnerabilities (buffer overflows, null dereferences, etc.) are mitigated. This is secure kernel code.",['CWE-193'],CVE-2022-3103,off-by-one in io_uring module.
464942,php-src,2bcbc95f033c31b00595ed39f79c3a99b4ed0501,https://github.com/php/php-src,http://git.php.net/?p=php-src.git;a=commit;h=2bcbc95f033c31b00595ed39f79c3a99b4ed0501,Fix bug #79037 (global buffer-overflow in `mbfl_filt_conv_big5_wchar`),0,0,"Okay, let's try to analyze this code for security vulnerabilities. The function is mbfl_filt_conv_big5_wchar, which seems to be part of a character encoding conversion filter, probably for converting between encodings like Big5 and UTF-8 or something similar.

First, I'll look at the structure. It's a switch on filter->status, which has cases 0, 1, and default. The function processes a single byte (c) and outputs converted characters.

Let me go through each case.

Case 0: Handles the initial state. It checks if the input encoding is CP950 (which is a variant of Big5). If so, c1 is set to 0x80, else 0xa0. Then it checks the input byte c.

If c is in 0-0x80 (Latin characters), it outputs c directly. If c is 0xff, it outputs 0xf8f8 (which is a 16-bit value). If c is between c1 and 0xff (so dbcs lead byte), it sets status to 1 and caches c. Otherwise, it processes as a wide character (w) and outputs it.

Case 1: Handles the second byte of a double-byte character. It takes the cached lead byte (c1) and the current byte (c). Then it does some calculations to map to a Unicode code point. There's a check for certain ranges (c > 0x39 and < 0x7f, or > 0xa0 and < 0xff). If those conditions are met, it computes w. Then it checks if w is within the big5_ucs_table size. If not, w is set to 0.

Then there's a part for CP950 PUA (Private Use Area) handling. If the encoding is CP950 and the computed w is <=0, it checks if the current bytes (c1 and c) fall into a PUA range. If so, it does some complex calculations to map to a different code point.

After that, if w is <=0, it sets w to a 16-bit value (c1 <<8 | c) and masks it with MBFL_WCSPLANE_MASK and adds the Big5 plane.

The function returns c, which is a bit odd because it's returning the input byte, but maybe that's part of the filter's design.

Now, looking for vulnerabilities.

First, buffer overflows: The code uses a switch on status, and in case 1, it does some calculations. But the function is a filter that processes one byte at a time, so it's not handling a buffer directly. The output function is called with a value (w), which is a 16-bit value (since it's using 0xf8f8, 0x...). The output function is probably a callback that writes to a buffer, but the code here is just passing the value. So maybe no buffer overflow here.

SQL injection: This code is for encoding conversion, not interacting with a database. So probably not relevant.

Command injection: Similarly, this is a character conversion filter, not executing commands. So no.

Path traversal: Unlikely, as it's not handling file paths.

Memory safety issues: The code uses pointers (filter->output_function, filter->data), but the function is part of a filter that's supposed to handle encoding. The code doesn't seem to have any direct memory access that could cause issues like use-after-free. The variables are local to the function.

Race conditions: The function is a single-threaded filter, so race conditions are unlikely here.

Authentication/authorization bypasses: Not applicable here.

Input validation issues: The code checks the input byte c. For example, in case 0, it checks if c is between 0 and 0x80, etc. But the input is a single byte (int c), so it's within 0-255 (assuming 8-bit). However, the code uses c as an int, which could be negative (if it's a signed char converted to int). Wait, in C, when you have a char, it's signed or unsigned. But the code uses c as an int. Let's see: the function is called with an int c, so it's possible that c is a negative value (if the input is a signed char). But in the code, it checks c >=0 and c <=0x80. So if c is negative, it would be handled in the else part.

Wait, in case 0: if (c >= 0 && c <= 0x80) { ... } else if (c == 0xff) { ... } else if (c > c1 && c < 0xff) { ... } else { ... }

So the code checks for c being in the range 0-0x80 (0-128), then 0xff, then c1 to 0xff-1 (so 0x80 to 0xff-1, but c1 is 0x80 or 0xa0). Wait, c1 is 0x80 if from is CP950, else 0xa0. So in the case where from is not CP950, c1 is 0xa0 (160). So the condition c > c1 && c < 0xff would be c between 160 and 254 (since 0xff is 255). So that's the DBCS lead bytes.

But the input c is an int. If the input is a negative value (like -1), then c >=0 would be false, so it would go to the else part. But in the else part, it does w = c & MBFL_WCSGROUP_MASK; etc. So the code handles negative values by treating them as part of the else clause.

But the main issue here is input validation. The code is processing a single byte, but the input could be any integer. However, the function is part of a filter that's supposed to handle encoding conversion, so the input is expected to be a valid byte. But if someone passes a very large value (like 0x10000), then in the code, when it does c > c1 (which is up to 0xff), it would go into the else part. Wait, but the code is written for a single byte, so the input should be 0-255. However, the function is called with an int c, which could be larger than 255.

Wait, in the code, the function is mbfl_filt_conv_big5_wchar. The name suggests it's converting to wchar (wide characters). The parameters: int c (the input byte), and a filter structure.

In the case 0, when c is a single byte (0-255), but if c is larger than 255 (like 0x100), then in the condition c > c1 (which is up to 0xff), it would go into the else part. Let's see:

For example, if c is 0x100 (256), then in case 0:

c >=0 and c <=0x80? 256 <= 128? No.

c == 0xff? No.

c > c1 (0x80 or 0xa0) and c < 0xff? 256 < 255? No. So it goes to else.

In the else part: w = c & MBFL_WCSGROUP_MASK; then w |= MBFL_WCSGROUP_THROUGH; then output w.

But MBFL_WCSGROUP_MASK is a bitmask. Let's assume it's 0x0000ffff (for 16-bit). So c & 0xffff would be c. But if c is 0x100, then w would be 0x100. Then it's output as a 16-bit value.

But the problem here is that the code is not validating the input byte. If the input is a large integer (like 0x10000), then the code might process it as a large value, but the output function is called with w, which is a 16-bit value (since it's masked with MBFL_WCSGROUP_MASK). Wait, the code uses w = c & MBFL_WCSGROUP_MASK; so if MBFL_WCSGROUP_MASK is 0xffff, then it's a 16-bit value. But the code is written for a single byte input, so if the input is a large value, it's not a valid byte.

But the function is part of a filter that's supposed to handle encoding conversion. The input is expected to be a single byte (0-255), but the code doesn't check that. However, in the context of a filter, the input is processed by the caller, so the filter is designed to handle bytes. If the caller passes a non-byte value, that's a problem, but the code itself might not be the source of the vulnerability.

Another thing to check: the PUA handling. In case 1, when the code checks if w <=0, it does some PUA mapping. The code uses a table cp950_pua_tbl, which is an array of unsigned short. The loop runs for k from 0 to (sizeof(cp950_pua_tbl)/(sizeof(unsigned short)*4) -1). Wait, the code says:

for (k = 0; k < sizeof(cp950_pua_tbl)/(sizeof(unsigned short)*4); k++)

Wait, that's a bit odd. The size of the table is divided by (sizeof(unsigned short) *4), which is 2*4=8. So the loop runs for k < (size of table)/8. But the table is probably a 2D array of 4 elements per row (since it's divided by 8). For example, if the table is 4 elements of 2 bytes each (so 8 bytes), then the loop runs once.

But the code is checking if c2 (which is c1 <<8 | c) is within the range of cp950_pua_tbl[k][2] to cp950_pua_tbl[k][3]. If the table is not properly initialized, this could lead to out-of-bounds access.

Wait, the loop condition is k < (sizeof(cp950_pua_tbl) / (sizeof(unsigned short) *4)). Let's say the table is defined as:

unsigned short cp950_pua_tbl[4][4] = { ... };

But the code uses cp950_pua_tbl[k][2] and cp950_pua_tbl[k][3], so it's a 2D array with 4 rows and 4 columns. The size of the table would be 4 * 4 * 2 = 32 bytes. Then sizeof(cp950_pua_tbl) is 32. Then 32 / (2 *4) = 32/8=4. So the loop runs k=0 to 3.

But the code does:

for (k = 0; k < ...; k++) {
    if (c2 >= cp950_pua_tbl[k][2] && c2 <= cp950_pua_tbl[k][3]) {
        break;
    }
}

So it's checking each entry in the table until it finds a matching range. If the table is empty or the ranges are not properly set, this could lead to an out-of-bounds access.

Wait, but the loop condition is based on the size of the table. If the table is not properly sized, the loop could run beyond the array bounds. For example, if the table has 3 entries, but the loop runs 4 times (since 32/8=4), then k=3 would access cp950_pua_tbl[3][2], which is out of bounds.

But the code is part of a library (mbfl), which is a PHP library for encoding conversion. The table is probably correctly initialized. However, if the table is not properly initialized (e.g., a buffer overflow in the table), but that's a different issue.

Another point: the code uses w = (c1 - 0xa1)*157 + (c - 0x40) for some calculations. If c is 0x40 (64), then c - 0x40 is 0. But if c is less than 0x40, this could lead to negative values. However, the code checks that c is in the range (c > 0x39 && c < 0x7f) or (c > 0xa0 && c < 0xff). So c is at least 0x40 (64) in the first case. Wait, 0x39 is 57, so c >57 and <127 (0x7f). So c is 58-126. So c - 0x40 is 18-86. So the calculation is safe here.

But what about integer overflows? Let's see.

In the calculation w = (c1 - 0xa1)*157 + (c - 0x40). c1 is a lead byte (from 0xa0 to 0xff, but in the code, c1 is the cached byte from case 0, which is a DBCS lead byte). For example, c1 could be 0xa1 (161). So c1 - 0xa1 is 0. Then w = 0 + (c - 0x40). c is 58-126, so c - 0x40 is 18-86. So w is 18-86.

But if c1 is 0x80 (80), but wait, in case 1, c1 is the cached byte from case 0, which is a DBCS lead byte. The code in case 0 sets filter->status=1 and filter->cache=c when c is between c1 and 0xff (so 0x80-0xff or 0xa0-0xff). So c1 is a byte in that range.

Wait, in case 0, when c is a DBCS lead byte, it sets filter->cache = c. So c1 is the lead byte (0x80-0xff or 0xa0-0xff). So c1 is at least 0x80 (128) or 0xa0 (160).

So c1 - 0xa1: if c1 is 0xa0 (160), then 160 - 161 = -1. So (c1 - 0xa1) is negative. Then multiplied by 157 gives a negative number. Then adding (c - 0x40) (which is positive) could result in a negative w.

But the code checks if w >=0 and w < big5_ucs_table_size. If w is negative, it's set to 0.

Wait, in the code:

if (w >= 0 && w < big5_ucs_table_size) {
    w = big5_ucs_table[w];
} else {
    w = 0;
}

So if w is negative, it's set to 0.

But the problem here is that the calculation could lead to integer overflows. For example, if (c1 - 0xa1) is a large negative number, multiplied by 157 could be a very large negative number, but since c is a byte (0-255), (c - 0x40) is at most 255 - 64 = 191. So the total w would be (negative) + 191. But the code checks if w is >=0, so it's handled.

Another possible issue: the code uses w = (c1 << 8) | c; which is a 16-bit value. But if c1 is 0xff and c is 0xff, then w is 0xffff. Then it's masked with MBFL_WCSPLANE_MASK (which is probably 0xffff), so it's 0xffff. But the code does w &= MBFL_WCSPLANE_MASK; so it's safe.

Wait, the code in case 1, when w <=0, does:

w = (c1 << 8) | c;
w &= MBFL_WCSPLANE_MASK;
w |= MBFL_WCSPLANE_BIG5;

So it's setting w to a 16-bit value with the Big5 plane.

But the main vulnerability I'm thinking of is the use of a loop that could go out of bounds. Let's look at the loop in the PUA handling.

The loop runs for k from 0 to (sizeof(cp950_pua_tbl) / (sizeof(unsigned short) *4) -1). Let's say the table is defined as:

unsigned short cp950_pua_tbl[4][4] = { ... };

But the code uses cp950_pua_tbl[k][2] and cp950_pua_tbl[k][3]. So the table has 4 rows (k=0 to 3). The loop condition is k < (sizeof(cp950_pua_tbl) / (sizeof(unsigned short) *4)). If the table is 4 rows of 4 elements each (each element is 2 bytes), then the size is 4*4*2=32 bytes. 32 / (2*4) = 4. So the loop runs k=0 to 3.

But if the table is not properly initialized (e.g., a smaller table), then the loop could access out of bounds. However, in a well-written library, the table is correctly sized. But if the table is not properly initialized (e.g., a buffer overflow in the table), that's a different issue.

Another angle: the code uses a function pointer filter->output_function, which is called with the value w. If the output function is not properly checked, but that's a design issue of the filter, not a vulnerability in this function.

Wait, the code is part of a filter that's used in a larger system. The vulnerability would be if the input is maliciously crafted to cause a problem.

Let's think about input validation. The code processes a single byte (c) but the function is called with an int c. If the input is a large integer (like 0x10000), then in case 0, it would go to the else part and do w = c & MBFL_WCSGROUP_MASK. If MBFL_WCSGROUP_MASK is 0xffff, then w is 0x10000 & 0xffff = 0. So it would output 0. But that's not a vulnerability.

Another possible issue: the code uses a variable c1 which is a byte (0-255), but in the calculation (c1 - 0xa1), if c1 is 0xa0 (160), then 160 - 161 = -1. So the calculation is safe.

Wait, the code in case 1 has a condition: (c > 0x39 && c < 0x7f) | (c > 0xa0 && c < 0xff). So c is either 0x40-0x7e (64-126) or 0xa1-0xfe (161-254). So c is a valid byte in those ranges.

But what if the input c is 0x7f (127)? Then it's in the else part (since c < 0x7f is false, and c >0xa0 is false), so it would output the 16-bit value.

Wait, the code in case 1 has:

else if ((c >= 0 && c < 0x21) || c == 0x7f) { /* CTLs */ }

So if c is 0x7f (127), it's handled as a control character and output directly.

So the code seems to handle control characters properly.

Another possible issue: the code uses a table big5_ucs_table, which is an array of size big5_ucs_table_size. The code checks if w < big5_ucs_table_size. If w is out of bounds, it sets w to 0. But if big5_ucs_table_size is 0, then w would be 0, but that's a problem. However, the table size is probably a constant.

Wait, the code says:

if (w >= 0 && w < big5_ucs_table_size) {
    w = big5_ucs_table[w];
} else {
    w = 0;
}

So if big5_ucs_table_size is 0, then w is set to 0. But that's a design issue, not a vulnerability.

Let me think about the PUA part again. The code does:

for (k = 0; k < sizeof(cp950_pua_tbl)/(sizeof(unsigned short)*4); k++) {
    if (c2 >= cp950_pua_tbl[k][2] && c2 <= cp950_pua_tbl[k][3]) {
        break;
    }
}

The loop condition is based on the size of the table. If the table is not properly sized (e.g., a buffer overflow in the table), then the loop could access out of bounds. For example, if the table is smaller than expected, the loop could run beyond the array.

But in a well-maintained library like mbfl, the table is correctly initialized. However, if the table is not initialized correctly (e.g., a buffer overflow in the table's allocation), that's a separate issue.

Another angle: the code uses a variable w which is a 16-bit value. The code does w = (c1 << 8) | c; which is a 16-bit value. But if c1 is 0xff and c is 0xff, then w is 0xffff. Then it's masked with MBFL_WCSPLANE_MASK (which is probably 0xffff), so it's 0xffff. Then it's ORed with MBFL_WCSPLANE_BIG5. So it's a valid value.

Wait, but the code in case 1 has a part where it does:

if (w <= 0) {
    w = (c1 << 8) | c;
    w &= MBFL_WCSPLANE_MASK;
    w |= MBFL_WCSPLANE_BIG5;
}

So if w is <=0, it sets it to a 16-bit value with the Big5 plane.

But the main vulnerability I can think of is the loop in the PUA handling. If the loop runs beyond the array bounds, it could cause a buffer overflow. However, the loop condition is based on the size of the table, so it's unlikely to go out of bounds. For example, if the table is 4 elements, the loop runs 4 times (k=0 to 3), which is safe.

Wait, the code uses sizeof(cp950_pua_tbl) / (sizeof(unsigned short) *4). Let's say the table is defined as:

unsigned short cp950_pua_tbl[4][4] = { ... };

Then sizeof(cp950_pua_tbl) is 4*4*2 = 32 bytes. Then 32 / (2*4) = 4. So the loop runs k=0 to 3 (4 times), which is correct.

But if the table is not a 2D array but a 1D array of 4 elements (each element is 8 bytes), then the calculation would be different. But in the code, it's accessing cp950_pua_tbl[k][2] and cp950_pua_tbl[k][3], so it's a 2D array.

Assuming the table is correctly sized, the loop is safe.

Another possible issue: the code uses a variable c2 = c1 <<8 | c. If c1 is 0xff and c is 0xff, then c2 is 0xffff. But the code checks if c2 is within the ranges of the table. If the table's ranges are set up to 0xffff, then it's okay.

Hmm. Let's think about integer overflows. For example, in the calculation w = (c1 - 0xa1)*157 + (c - 0x40). If c1 is 0xa1 (161), then c1 - 0xa1 is 0. So w = 0 + (c - 0x40). c is up to 0x7e (126), so c - 0x40 is 86. So w is 86.

But if c1 is 0x80 (128), then c1 - 0xa1 is 128 - 161 = -33. Then multiplied by 157 gives -33*157 = -5181. Then adding (c - 0x40) (which is up to 86) gives -5181 +86 = -5095. Which is negative, so it's set to 0.

So the calculation is safe.

Wait, but what if the code does not check the range of c? For example, in case 1, the code checks if c is in the range (c >0x39 && c <0x7f) or (c >0xa0 && c <0xff). So c is in 0x40-0x7e or 0xa1-0xfe. So the calculation is safe.

Another possible vulnerability: the code uses a function pointer filter->output_function. If this function is not properly checked, but that's a design issue of the filter, not a vulnerability in this function.

Wait, the code is part of a filter that's used in a larger system. The vulnerability would be if the input is crafted to cause a problem. For example, if the input is a very large value, but the code handles it by masking.

Let me think about the return value. The function returns c. But c is an int. If the input is a large value, the function returns it, but the caller might not expect that. However, the function is part of a filter that's supposed to process bytes, so the return value is probably not a security issue.

Wait, the code in case 0 has:

if (c >= 0 && c <= 0x80) { ... }

But if c is a negative value (like -1), then it's not in that range. So it goes to the else part. The else part does:

w = c & MBFL_WCSGROUP_MASK;
w |= MBFL_WCSGROUP_THROUGH;
CK((*filter->output_function)(w, filter->data));

So it's outputting a value that's the bitwise AND of c with the mask. If c is negative, the bitwise AND could be a large value (since in two's complement, negative numbers have all bits set). But the mask MBFL_WCSGROUP_MASK is probably 0xffff, so it's a 16-bit value. So it's safe.

Hmm. I'm not seeing a clear vulnerability here. Let's recap.

The code is a character encoding conversion filter for Big5. It processes a single byte at a time, handles lead and trail bytes, maps to Unicode code points, and handles PUA (Private Use Area) for CP950.

Common vulnerabilities in such code:

- Buffer overflows: The code doesn't seem to have any buffer overflows because it's processing a single byte and using a function pointer to output. The output function is called with a 16-bit value, so no buffer overflow in the function itself.

- Integer overflows: The calculations seem to be within safe ranges. For example, the multiplication by 157 is done with small numbers (c1 - 0xa1 is at most 157 in absolute value? Not sure, but the code checks if w is >=0, so it's handled).

- Use-after-free: The code uses filter->status and filter->cache, but these are local to the filter structure. The function is called with a filter structure that's supposed to be valid, so no use-after-free.

- Null pointer dereferences: The code uses filter->output_function and filter->data. If these are null, it would crash, but that's a programming error, not a vulnerability that can be exploited by an attacker.

- Input validation: The code validates the input byte in the sense that it checks ranges. But the input is expected to be a byte (0-255), so if the input is outside that range, it's handled as a special case. However, the code doesn't check if the input is a valid byte. But in the context of a filter, the input is a byte, so the caller is responsible for providing valid bytes.

- Path traversal: Not applicable.

- SQL injection: Not applicable.

- Command injection: Not applicable.

The main thing I'm thinking is the loop in the PUA handling. If the table cp950_pua_tbl is not properly sized, the loop could access out of bounds. For example, if the table is smaller than expected, the loop could go out of bounds.

Let's say the table is defined as:

unsigned short cp950_pua_tbl[3][4] = { ... };

Then sizeof(cp950_pua_tbl) is 3*4*2 = 24 bytes. Then 24 / (2*4) = 3. So the loop runs k=0,1,2. Which is correct. So no out of bounds.

But if the table is defined as:

unsigned short cp950_pua_tbl[2][4] = { ... };

Then sizeof is 16 bytes. 16 /8 =2. So loop runs k=0,1. Which is correct.

So the loop is safe as long as the table is correctly sized.

Another possible issue: the code uses a variable k that's incremented up to (size / 8) -1. If the size is not a multiple of 8, the loop could run one more time. But in C, the division truncates towards zero. For example, if the size is 10 bytes, then 10 /8 =1. So the loop runs k=0 to 0. Which is safe.

So the loop is safe.

Hmm. I'm not seeing a clear vulnerability here. The code seems to be well-structured for its purpose. The function is part of a library that's designed to handle encoding conversion, and it's written to handle edge cases like PUA.

Wait, another point: the code uses a variable w which is a 16-bit value. In the case where w is set to 0, it's output as 0. But 0 is a valid code point (null character). Not a vulnerability.

The code also has a check for w <=0, which sets it to a 16-bit value. So it's handling invalid code points.

I think the code is secure. There's no obvious vulnerability here.

Wait, but the problem says to be thorough. Let me check again.

In case 1, the code does:

if (c > 0x39 && c < 0x7f) | (c > 0xa0 && c < 0xff)

This is a bitwise OR. So it's checking if (c > 0x39 && c < 0x7f) is true OR (c > 0xa0 && c < 0xff) is true.

But in C, the condition is evaluated as ( (c > 0x39 && c < 0x7f) ) | ( (c > 0xa0 && c < 0xff) )

So it's correct.

Another thing: the code uses CK macro, which is probably a check macro (like if (error) return error). But the code doesn't show the definition of CK, so we can't be sure. But assuming it's a safe macro.

The function returns c, which is the input byte. But the function is supposed to process the byte and output a converted value. The return value is probably not used for anything, but it's a bit odd. However, it's not a security issue.

After thorough analysis, I don't see any security vulnerabilities in this code. The code handles input bytes correctly, validates ranges, and the loops are safe as long as the tables are properly sized (which they are in a well-maintained library).

So the answer should be NO.
</think>

Step 1: Analyze the code carefully
The code is a character encoding conversion filter function (`mbfl_filt_conv_big5_wchar`) for handling Big5 encoding conversion. It processes a single byte (`c`) through a state machine (cases 0 and 1) to convert it to a Unicode code point. Key operations include:
- Handling single-byte Latin characters (0-0x80)
- Detecting double-byte sequence lead bytes (DBCS)
- Mapping DBCS pairs to Unicode code points using lookup tables
- Special handling for CP950 Private Use Area (PUA) mappings
- Outputting processed values via a callback function (`filter->output_function`)

Step 2: Identify potential security issues
- **Input validation**: The code checks input byte ranges (e.g., `c >= 0 && c <= 0x80`, `c > 0x39 && c < 0x7f`). It handles edge cases like control characters (`c >= 0 && c < 0x21` or `c == 0x7f`) and invalid sequences. No obvious input validation bypasses are present.
- **Integer overflows**: Calculations like `(c1 - 0xa1)*157 + (c - 0x40)` are bounded by the input byte constraints (e.g., `c1` is a valid DBCS lead byte, `c` is in specific ranges). The code checks `w >= 0` before table access, preventing out-of-bounds issues.
- **Buffer overflows**: No direct buffer overflows are observed. The function processes a single byte and uses a callback for output, with no string concatenation or buffer writes in this function.
- **PUA table loop**: The loop for PUA table lookup uses `k < sizeof(cp950_pua_tbl)/(sizeof(unsigned short)*4)`, which correctly bounds the loop based on the table size. This avoids out-of-bounds access if the table is properly initialized.
- **Null pointer dereferences**: The code uses `filter->output_function` and `filter->data`, but these are assumed to be valid in the context of the filter framework (not a vulnerability).
- **Other vulnerabilities**: No SQL injection, command injection, path traversal, race conditions, or authentication bypasses are present, as the code operates in a character encoding conversion context without external system interactions.

Step 3: Make your final decision
The code is designed for encoding conversion and follows safe practices for its domain. It validates inputs, handles edge cases, and avoids common vulnerabilities like buffer overflows or integer overflows. The PUA table loop is correctly bounded, and no exploitable flaws are present.

Final Answer: NO",['CWE-125'],CVE-2020-7060,"When using certain mbstring functions to convert multibyte encodings, in PHP versions 7.2.x below 7.2.27, 7.3.x below 7.3.14 and 7.4.x below 7.4.2 it is possible to supply data that will cause function mbfl_filt_conv_big5_wchar to read past the allocated buffer. This may lead to information disclosure or crash."
251946,tensorflow,15691e456c7dc9bd6be203b09765b063bf4a380c,https://github.com/tensorflow/tensorflow,https://github.com/tensorflow/tensorflow/commit/15691e456c7dc9bd6be203b09765b063bf4a380c,"Prevent dereferencing of null pointers in TFLite's `add.cc`.

PiperOrigin-RevId: 387244946
Change-Id: I56094233327fbd8439b92e1dbb1262176e00eeb9",0,0,"Okay, let's analyze this code step by step. The function is called BinaryBroadcastFiveFold and it's handling some kind of element-wise operations with broadcasting.

First, I need to check for common security vulnerabilities like buffer overflows, SQL injection, command injection, etc. But this code looks like it's part of a C++ library, probably for machine learning (TFLite, given the tflite::BroadcastableOpCategory reference). So it's not handling user input in a way that would lead to typical web vulnerabilities like SQLi or command injection. Let me focus on the static analysis aspects.

Looking at the code structure: it's doing nested loops for broadcasting data. The loops are over dimensions y0 to y4. The function uses pointers to traverse the input data and output data.

Let me check for buffer overflows. Buffer overflows usually happen when you write beyond the allocated memory. Here, the code is using pointers and incrementing them by the appropriate strides (y4, y3, etc.). The loops are controlled by the dimensions (y0, y1, y2, y3, y4) which are derived from the input shapes. So the code is designed to process exactly the size of the data as per the shapes. That seems safe.

Wait, but what if the shapes are not correctly calculated? For example, if the input shapes are invalid, but the code is part of a framework that ensures the shapes are correct. The function is called with RuntimeShape and T* pointers, so the framework probably validates the shapes before calling this function. So maybe the dimensions y0 to y4 are correctly set.

Another thing: the code uses a fivefold loop structure. The innermost loop does elementwise operations. The pointers are incremented by y4 (for the general case) or y3 (for the y4=1 case). The output_data_ptr is incremented by y4 each time. Since the loops are over the dimensions, the total number of iterations should match the total elements in the output.

Let me check the loop conditions. For example, in the general case (y4 > 1):

- i0 from 0 to y0-1
- i1 from 0 to y1-1
- i2 from 0 to y2-1
- i3 from 0 to y3-1

Each iteration of the innermost loop (i3) does elementwise_f(y4, ...). Then after i3 loop, input1_data_ptr is incremented by y4. Then after i2 loop, input2_data_reset is set to input2_data_ptr.

Wait, the code says: ""input2_data_ptr = input2_data_reset"" inside the i1 loop. Then for each i2, it does the inner loop. So for each i2, the input2_data_ptr is reset to input2_data_reset (which is set once per i1 loop). Wait, no: input2_data_reset is set to input2_data_ptr after the i2 loop. Let me re-read.

In the general case:

for (int i0 = 0; i0 < y0; ++i0) {
  const T* input2_data_ptr = nullptr;
  for (int i1 = 0; i1 < y1; ++i1) {
    input2_data_ptr = input2_data_reset;
    for (int i2 = 0; i2 < y2; ++i2) {
      for (int i3 = 0; i3 < y3; ++i3) {
        elementwise_f(y4, params, input1_data_ptr, input2_data_ptr, output_data_ptr);
        input2_data_ptr += y4;
        output_data_ptr += y4;
      }
      input1_data_ptr += y4;
    }
    input2_data_reset = input2_data_ptr;
  }
}

Wait, the input2_data_reset is set to input2_data_ptr after the i2 loop (inside the i1 loop). So for each i1, input2_data_reset is set to the current input2_data_ptr (which is the pointer after processing all i2 loops for that i1). So the code is correctly resetting the input2 data pointer for each i1 iteration.

But the key point here is whether the pointers are being incremented correctly to avoid buffer overflows. Since the code is designed to process exactly the number of elements as per the shapes (y0, y1, y2, y3, y4), and the strides are the correct dimensions, there's no obvious buffer overflow here.

Another possible issue: integer overflows. For example, if y0, y1, etc., are large, but the code is using int for the loop counters. However, the problem states that the code is part of a TFLite implementation, which typically handles integer sizes that are within safe ranges (e.g., for small tensors). But the code uses int for the loop variables. If the tensor dimensions are very large (e.g., 2^31), then the loop could overflow. But in practice, TFLite tensors have dimensions that are not that large (e.g., up to 1000 or so). However, the code doesn't check for integer overflows in the loop counts. Wait, the code uses 'int' for the loop variables. If the dimension is larger than INT_MAX, the loop would overflow. But in the context of TFLite, the dimensions are usually small (like 1, 2, 3, etc.), so this might not be a problem. But the code itself doesn't have any checks for that. However, the question is about security vulnerabilities. Integer overflows can lead to security issues if they cause the loop to run more times than intended, but in this case, the loop counts are the dimensions of the tensor, which are supposed to be correctly set by the framework. So if the framework ensures that the dimensions are within safe ranges (e.g., positive and not too large), then this might not be a vulnerability. But the code itself doesn't have any checks for the loop counts being valid. Hmm.

Wait, the code uses 'int' for the loop variables. If the dimension is, say, 2^30, then the loop would overflow. But in practice, TFLite tensors have dimensions that are small (like 1, 2, 3, etc.), so this is probably not a problem. However, the code doesn't check for the dimensions being valid. For example, if y4 is 0, then the loop would run 0 times, but the code doesn't check for that. Wait, the code has a condition: if (y4 > 1) { ... } else if (input1_data_ptr != nullptr) { ... }.

But the problem is about security vulnerabilities. Let's think about possible vulnerabilities.

Another angle: use-after-free. But the code is using pointers that are passed in and incremented. The function is a helper for broadcasting, so it's not managing memory allocation here. The input and output data are pointers that are supposed to be valid for the duration of the function. So no use-after-free here.

Null pointer dereferences: the code checks input1_data_ptr != nullptr in the else if block. But in the general case, input1_data_ptr is set to input1_data (which is either unswitched_input1_data or unswitched_input2_data). If those pointers are null, then the code would crash. But the framework probably ensures that the input data pointers are valid. So this is a programming error, not a security vulnerability per se. The question is about security vulnerabilities, not general bugs.

Path traversal: the code is processing data with shapes, but there's no file system access here. So no path traversal.

Command injection: no shell commands are executed.

SQL injection: no SQL queries.

Race conditions: the code is a single-threaded function, so no race conditions.

Authentication/authorization bypasses: this code is part of a computation, not handling user authentication.

Input validation issues: the code uses the shapes (y0, y1, y2, y3, y4) which are derived from the RuntimeShape. The framework should have validated the shapes before calling this function. So the input validation is handled at a higher level.

Let me check the code again for buffer overflows. For example, in the innermost loop:

elementwise_f(y4, params, input1_data_ptr, input2_data_ptr, output_data_ptr);

Then input2_data_ptr += y4; output_data_ptr += y4.

The elementwise_f function is called with y4 elements. So for each iteration of i3 (the innermost loop), it processes y4 elements. The loop runs y3 times (i3 from 0 to y3-1), so total y3 * y4 elements per i2 iteration.

The input1_data_ptr is incremented by y4 after the i3 loop (inside the i2 loop). So for each i2, input1_data_ptr moves forward by y4 elements. Since the input1 shape is y0 * y1 * y2 * y4 (as per the comment), the total elements for input1 is y0 * y1 * y2 * y4. The code processes y0 * y1 * y2 * y3 * y4 elements (since output shape is y0 * y1 * y2 * y3 * y4? Wait, the comment says: ""input1.shape.FlatSize = y0 * y1 * y2 * y4, input2.shape.FlatSize = y0 * y2 * y3 * y4"". So the output shape is probably y0 * y1 * y2 * y3 * y4? Not sure, but the code is designed to process the correct number of elements.

The key point is that the code increments the pointers by the correct strides (y4, y3, etc.) based on the dimensions. So there's no buffer overflow here.

Another possible issue: integer overflows in the loop counts. For example, if y0 is very large (like 2^31), then the loop would overflow. But in practice, TFLite tensors have dimensions that are small (e.g., up to 1000), so this is unlikely. However, the code uses 'int' for the loop variables. If the dimension is larger than INT_MAX, the loop would overflow. But this is a programming issue, not a security vulnerability. The question is about security vulnerabilities, so unless the overflow leads to a security issue (like a buffer overflow), it's not a vulnerability here.

Wait, the code uses 'int' for the loop variables. If the dimension is, say, 1000000000, then the loop would run 1000000000 times, which is a problem for performance but not a security vulnerability. However, if the dimension is a very large number (like 2^31), then the loop variable would overflow, causing the loop to run a negative number of times, which would crash the program. But this is a programming error, not a security vulnerability. The code doesn't have any checks for the dimensions being within safe ranges, but the framework (TFLite) would have validated the shapes before calling this function. So the dimensions are supposed to be valid.

Another angle: the code uses a fivefold loop structure. The comment says that y0, y2, y4 are not broadcasted, and y3 for input1 is broadcasted (so y3=1). But the code handles the case when y4=1 separately. The code seems to be correctly handling the broadcasting.

Wait, the code has a condition: if (y4 > 1) { ... } else if (input1_data_ptr != nullptr) { ... }.

In the else if block, it's for y4 == 1. The code uses scalar_broadcast_f, which is a function for scalar broadcasts. So this is a correct handling of the case where the innermost dimension is 1.

I don't see any obvious security vulnerabilities here. The code is part of a low-level tensor operation in a machine learning framework, and it's designed to process data safely with the correct strides. The framework should have validated the input shapes and data pointers before calling this function, so there's no risk of buffer overflows or other vulnerabilities.

Let me think again: are there any possible use-after-free or null pointer dereferences? The code checks input1_data_ptr != nullptr in the else if block, but in the general case, input1_data_ptr is set to input1_data (which is either unswitched_input1_data or unswitched_input2_data). If those pointers are null, then the code would crash. But the framework should ensure that the input data pointers are valid. So this is a programming error, not a security vulnerability.

Another possible issue: the code uses 'const T*' for input data, so it's read-only. The output data is written to. So no data corruption here.

The code is using a function pointer (elementwise_f and scalar_broadcast_f) which are provided by the caller. But since they are function pointers that are checked for validity (as part of the framework), there's no risk of malicious code execution here. The function pointers are part of the TFLite API and are validated by the framework.

So after thorough analysis, I don't see any security vulnerabilities in this code. The code is designed to handle tensor operations safely with proper strides and loop counts, and the framework ensures that the input data is valid.

Therefore, the answer should be NO.
</think>

Step 1: Analyze the code carefully
The code implements a fivefold nested loop structure for broadcasting operations in a TFLite context. It processes input data tensors using strides derived from broadcast dimensions (y0-y4). The function handles two cases: general broadcasting (y4 > 1) and scalar broadcasting (y4 == 1). Pointers are incremented by dimension strides (y4, y3) to traverse data safely. Input validation is assumed to be handled at higher levels (e.g., RuntimeShape validation in TFLite).

Step 2: Identify potential security issues
- **Buffer overflows**: The code uses dimension-based strides (y4, y3) to increment pointers, matching the expected tensor sizes. No evidence of out-of-bounds access.
- **Integer overflows**: Loop counters use `int` but TFLite dimensions are typically small (e.g., â‰¤1000). Framework validation ensures dimensions are valid, making this unlikely to be exploitable.
- **Null pointer dereferences**: The code checks `input1_data_ptr != nullptr` in the y4=1 case, but this is a programming safeguard, not a security vulnerability.
- **Use-after-free**: No dynamic memory allocation or pointer reclamation is observed; pointers are passed-in and incremented safely.
- **Other vulnerabilities**: No SQL injection, command injection, path traversal, or race conditions are present. The code operates in a low-level tensor context with no user-controlled input.

Step 3: Make your final decision
The code follows safe tensor processing patterns with validated dimensions and stride-based pointer traversal. No exploitable security vulnerabilities are present.

Final Answer: NO",['CWE-369'],CVE-2021-37688,"TensorFlow is an end-to-end open source platform for machine learning. In affected versions an attacker can craft a TFLite model that would trigger a null pointer dereference, which would result in a crash and denial of service. The [implementation](https://github.com/tensorflow/tensorflow/blob/149562d49faa709ea80df1d99fc41d005b81082a/tensorflow/lite/kernels/internal/optimized/optimized_ops.h#L268-L285) unconditionally dereferences a pointer. We have patched the issue in GitHub commit 15691e456c7dc9bd6be203b09765b063bf4a380c. The fix will be included in TensorFlow 2.6.0. We will also cherrypick this commit on TensorFlow 2.5.1, TensorFlow 2.4.3, and TensorFlow 2.3.4, as these are also affected and still in supported range."
